flickr_0000.png,0
flickr_0001.png,0
flickr_0002.png,0
flickr_0003.png,0
flickr_0004.png,0
flickr_0005.png,0
flickr_0006.png,0
flickr_0007.png,0
flickr_0008.png,0
flickr_0009.png,0
flickr_0010.png,0
flickr_0011.png,0
flickr_0012.png,0
flickr_0013.png,0
flickr_0014.png,0
flickr_0015.png,0
flickr_0016.png,0
flickr_0017.png,0
flickr_0018.png,0
flickr_0019.png,0
flickr_0020.png,0
flickr_0021.png,0
flickr_0022.png,0
flickr_0023.png,0
flickr_0024.png,0
flickr_0025.png,0
flickr_0026.png,0
flickr_0027.png,0
flickr_0028.png,0
flickr_0029.png,0
flickr_0030.png,0
flickr_0031.png,0
flickr_0032.png,0
flickr_0033.png,0
flickr_0034.png,0
flickr_0035.png,0
flickr_0036.png,0
flickr_0037.png,0
flickr_0038.png,0
flickr_0039.png,0
flickr_0040.png,0
flickr_0041.png,0
flickr_0042.png,0
flickr_0043.png,0
flickr_0044.png,0
flickr_0045.png,0
flickr_0046.png,0
flickr_0047.png,0
flickr_0048.png,0
flickr_0049.png,0
flickr_0050.png,0
flickr_0051.png,0
flickr_0052.png,0
flickr_0053.png,0
flickr_0054.png,0
flickr_0055.png,0
flickr_0056.png,0
flickr_0057.png,0
flickr_0058.png,0
flickr_0059.png,0
flickr_0060.png,0
flickr_0061.png,0
flickr_0062.png,0
flickr_0063.png,0
flickr_0064.png,0
flickr_0065.png,0
flickr_0066.png,0
flickr_0067.png,0
flickr_0068.png,0
flickr_0069.png,0
flickr_0070.png,0
flickr_0071.png,0
flickr_0072.png,0
flickr_0073.png,0
flickr_0074.png,0
flickr_0075.png,0
flickr_0076.png,0
flickr_0077.png,0
flickr_0078.png,0
flickr_0079.png,0
flickr_0080.png,0
flickr_0081.png,0
flickr_0082.png,0
flickr_0083.png,0
flickr_0084.png,0
flickr_0085.png,0
flickr_0086.png,0
flickr_0087.png,0
flickr_0088.png,0
flickr_0089.png,0
flickr_0090.png,0
flickr_0091.png,0
flickr_0092.png,0
flickr_0093.png,0
flickr_0094.png,0
flickr_0095.png,0
flickr_0096.png,0
flickr_0097.png,0
flickr_0098.png,0
flickr_0099.png,0
flickr_0100.png,0
flickr_0101.png,0
flickr_0102.png,0
flickr_0103.png,0
flickr_0104.png,0
flickr_0105.png,0
flickr_0106.png,0
flickr_0107.png,0
flickr_0108.png,0
flickr_0109.png,0
flickr_0110.png,0
flickr_0111.png,0
flickr_0112.png,0
flickr_0113.png,0
flickr_0114.png,0
flickr_0115.png,0
flickr_0116.png,0
flickr_0117.png,0
flickr_0118.png,0
flickr_0119.png,0
flickr_0120.png,0
flickr_0121.png,0
flickr_0122.png,0
flickr_0123.png,0
flickr_0124.png,0
flickr_0125.png,0
flickr_0126.png,0
flickr_0127.png,0
flickr_0128.png,0
flickr_0129.png,0
flickr_0130.png,0
flickr_0131.png,0
flickr_0132.png,0
flickr_0133.png,0
flickr_0134.png,0
flickr_0135.png,0
flickr_0136.png,0
flickr_0137.png,0
flickr_0138.png,0
flickr_0139.png,0
flickr_0140.png,0
flickr_0141.png,0
flickr_0142.png,0
flickr_0143.png,0
flickr_0144.png,0
flickr_0145.png,0
flickr_0146.png,0
flickr_0147.png,0
flickr_0148.png,0
flickr_0149.png,0
flickr_0150.png,0
flickr_0151.png,0
flickr_0152.png,0
flickr_0153.png,0
flickr_0154.png,0
flickr_0155.png,0
flickr_0156.png,0
flickr_0157.png,0
flickr_0158.png,0
flickr_0159.png,0
flickr_0160.png,0
flickr_0161.png,0
flickr_0162.png,0
flickr_0163.png,0
flickr_0164.png,0
flickr_0165.png,0
flickr_0166.png,0
flickr_0167.png,0
flickr_0168.png,0
flickr_0169.png,0
flickr_0170.png,0
flickr_0171.png,0
flickr_0172.png,0
flickr_0173.png,0
flickr_0174.png,0
flickr_0175.png,0
flickr_0176.png,0
flickr_0177.png,0
flickr_0178.png,0
flickr_0179.png,0
flickr_0180.png,0
flickr_0181.png,0
flickr_0182.png,0
flickr_0183.png,0
flickr_0184.png,0
flickr_0185.png,0
flickr_0186.png,0
flickr_0187.png,0
flickr_0188.png,0
flickr_0189.png,0
flickr_0190.png,0
flickr_0191.png,0
flickr_0192.png,0
flickr_0193.png,0
flickr_0194.png,0
flickr_0195.png,0
flickr_0196.png,0
flickr_0197.png,0
flickr_0198.png,0
flickr_0199.png,0
flickr_0200.png,0
flickr_0201.png,0
flickr_0202.png,0
flickr_0203.png,0
flickr_0204.png,0
flickr_0205.png,0
flickr_0206.png,0
flickr_0207.png,0
flickr_0208.png,0
flickr_0209.png,0
flickr_0210.png,0
flickr_0211.png,0
flickr_0212.png,0
flickr_0213.png,0
flickr_0214.png,0
flickr_0215.png,0
flickr_0216.png,0
flickr_0217.png,0
flickr_0218.png,0
flickr_0219.png,0
flickr_0220.png,0
flickr_0221.png,0
flickr_0222.png,0
flickr_0223.png,0
flickr_0224.png,0
flickr_0225.png,0
flickr_0226.png,0
flickr_0227.png,0
flickr_0228.png,0
flickr_0229.png,0
flickr_0230.png,0
flickr_0231.png,0
flickr_0232.png,0
flickr_0233.png,0
flickr_0234.png,0
flickr_0235.png,0
flickr_0236.png,0
flickr_0237.png,0
flickr_0238.png,0
flickr_0239.png,0
flickr_0240.png,0
flickr_0241.png,0
flickr_0242.png,0
flickr_0243.png,0
flickr_0244.png,0
flickr_0245.png,0
flickr_0246.png,0
flickr_0247.png,0
flickr_0248.png,0
flickr_0249.png,0
flickr_0250.png,0
flickr_0251.png,0
flickr_0252.png,0
flickr_0253.png,0
flickr_0254.png,0
flickr_0255.png,0
flickr_0256.png,0
flickr_0257.png,0
flickr_0258.png,0
flickr_0259.png,0
flickr_0260.png,0
flickr_0261.png,0
flickr_0262.png,0
flickr_0263.png,0
flickr_0264.png,0
flickr_0265.png,0
flickr_0266.png,0
flickr_0267.png,0
flickr_0268.png,0
flickr_0269.png,0
flickr_0270.png,0
flickr_0271.png,0
flickr_0272.png,0
flickr_0273.png,0
flickr_0274.png,0
flickr_0275.png,0
flickr_0276.png,0
flickr_0277.png,0
flickr_0278.png,0
flickr_0279.png,0
flickr_0280.png,0
flickr_0281.png,0
flickr_0282.png,0
flickr_0283.png,0
flickr_0284.png,0
flickr_0285.png,0
flickr_0286.png,0
flickr_0287.png,0
flickr_0288.png,0
flickr_0289.png,0
flickr_0290.png,0
flickr_0291.png,0
flickr_0292.png,0
flickr_0293.png,0
flickr_0294.png,0
flickr_0295.png,0
flickr_0296.png,0
flickr_0297.png,0
flickr_0298.png,0
flickr_0299.png,0
flickr_0300.png,0
flickr_0301.png,0
flickr_0302.png,0
flickr_0303.png,0
flickr_0304.png,0
flickr_0305.png,0
flickr_0306.png,0
flickr_0307.png,0
flickr_0308.png,0
flickr_0309.png,0
flickr_0310.png,0
flickr_0311.png,0
flickr_0312.png,0
flickr_0313.png,0
flickr_0314.png,0
flickr_0315.png,0
flickr_0316.png,0
flickr_0317.png,0
flickr_0318.png,0
flickr_0319.png,0
flickr_0320.png,0
flickr_0321.png,0
flickr_0322.png,0
flickr_0323.png,0
flickr_0324.png,0
flickr_0325.png,0
flickr_0326.png,0
flickr_0327.png,0
flickr_0328.png,0
flickr_0329.png,0
flickr_0330.png,0
flickr_0331.png,0
flickr_0332.png,0
flickr_0333.png,0
flickr_0334.png,0
flickr_0335.png,0
flickr_0336.png,0
flickr_0337.png,0
flickr_0338.png,0
flickr_0339.png,0
flickr_0340.png,0
flickr_0341.png,0
flickr_0342.png,0
flickr_0343.png,0
flickr_0344.png,0
flickr_0345.png,0
flickr_0346.png,0
flickr_0347.png,0
flickr_0348.png,0
flickr_0349.png,0
flickr_0350.png,0
flickr_0351.png,0
flickr_0352.png,0
flickr_0353.png,0
flickr_0354.png,0
flickr_0355.png,0
flickr_0356.png,0
flickr_0357.png,0
flickr_0358.png,0
flickr_0359.png,0
flickr_0360.png,0
flickr_0361.png,0
flickr_0362.png,0
flickr_0363.png,0
flickr_0364.png,0
flickr_0365.png,0
flickr_0366.png,0
flickr_0367.png,0
flickr_0368.png,0
flickr_0369.png,0
flickr_0370.png,0
flickr_0371.png,0
flickr_0372.png,0
flickr_0373.png,0
flickr_0374.png,0
flickr_0375.png,0
flickr_0376.png,0
flickr_0377.png,0
flickr_0378.png,0
flickr_0379.png,0
flickr_0380.png,0
flickr_0381.png,0
flickr_0382.png,0
flickr_0383.png,0
flickr_0384.png,0
flickr_0385.png,0
flickr_0386.png,0
flickr_0387.png,0
flickr_0388.png,0
flickr_0389.png,0
flickr_0390.png,0
flickr_0391.png,0
flickr_0392.png,0
flickr_0393.png,0
flickr_0394.png,0
flickr_0395.png,0
flickr_0396.png,0
flickr_0397.png,0
flickr_0398.png,0
flickr_0399.png,0
flickr_0400.png,0
flickr_0401.png,0
flickr_0402.png,0
flickr_0403.png,0
flickr_0404.png,0
flickr_0405.png,0
flickr_0406.png,0
flickr_0407.png,0
flickr_0408.png,0
flickr_0409.png,0
flickr_0410.png,0
flickr_0411.png,0
flickr_0412.png,0
flickr_0413.png,0
flickr_0414.png,0
flickr_0415.png,0
flickr_0416.png,0
flickr_0417.png,0
flickr_0418.png,0
flickr_0419.png,0
flickr_0420.png,0
flickr_0421.png,0
flickr_0422.png,0
flickr_0423.png,0
flickr_0424.png,0
flickr_0425.png,0
flickr_0426.png,0
flickr_0427.png,0
flickr_0428.png,0
flickr_0429.png,0
flickr_0430.png,0
flickr_0431.png,0
flickr_0432.png,0
flickr_0433.png,0
flickr_0434.png,0
flickr_0435.png,0
flickr_0436.png,0
flickr_0437.png,0
flickr_0438.png,0
flickr_0439.png,0
flickr_0440.png,0
flickr_0441.png,0
flickr_0442.png,0
flickr_0443.png,0
flickr_0444.png,0
flickr_0445.png,0
flickr_0446.png,0
flickr_0447.png,0
flickr_0448.png,0
flickr_0449.png,0
flickr_0450.png,0
flickr_0451.png,0
flickr_0452.png,0
flickr_0453.png,0
flickr_0454.png,0
flickr_0455.png,0
flickr_0456.png,0
flickr_0457.png,0
flickr_0458.png,0
flickr_0459.png,0
flickr_0460.png,0
flickr_0461.png,0
flickr_0462.png,0
flickr_0463.png,0
flickr_0464.png,0
flickr_0465.png,0
flickr_0466.png,0
flickr_0467.png,0
flickr_0468.png,0
flickr_0469.png,0
flickr_0470.png,0
flickr_0471.png,0
flickr_0472.png,0
flickr_0473.png,0
flickr_0474.png,0
flickr_0475.png,0
flickr_0476.png,0
flickr_0477.png,0
flickr_0478.png,0
flickr_0479.png,0
flickr_0480.png,0
flickr_0481.png,0
flickr_0482.png,0
flickr_0483.png,0
flickr_0484.png,0
flickr_0485.png,0
flickr_0486.png,0
flickr_0487.png,0
flickr_0488.png,0
flickr_0489.png,0
flickr_0490.png,0
flickr_0491.png,0
flickr_0492.png,0
flickr_0493.png,0
flickr_0494.png,0
flickr_0495.png,0
flickr_0496.png,0
flickr_0497.png,0
flickr_0498.png,0
flickr_0499.png,0
openimage_0000.png,0
openimage_0001.png,0
openimage_0002.png,0
openimage_0003.png,0
openimage_0004.png,0
openimage_0005.png,0
openimage_0006.png,0
openimage_0007.png,0
openimage_0008.png,0
openimage_0009.png,0
openimage_0010.png,0
openimage_0011.png,0
openimage_0012.png,0
openimage_0013.png,0
openimage_0014.png,0
openimage_0015.png,0
openimage_0016.png,0
openimage_0017.png,0
openimage_0018.png,0
openimage_0019.png,0
openimage_0020.png,0
openimage_0021.png,0
openimage_0022.png,0
openimage_0023.png,0
openimage_0024.png,0
openimage_0025.png,0
openimage_0026.png,0
openimage_0027.png,0
openimage_0028.png,0
openimage_0029.png,0
openimage_0030.png,0
openimage_0031.png,0
openimage_0032.png,0
openimage_0033.png,0
openimage_0034.png,0
openimage_0035.png,0
openimage_0036.png,0
openimage_0037.png,0
openimage_0038.png,0
openimage_0039.png,0
openimage_0040.png,0
openimage_0041.png,0
openimage_0042.png,0
openimage_0043.png,0
openimage_0044.png,0
openimage_0045.png,0
openimage_0046.png,0
openimage_0047.png,0
openimage_0048.png,0
openimage_0049.png,0
openimage_0050.png,0
openimage_0051.png,0
openimage_0052.png,0
openimage_0053.png,0
openimage_0054.png,0
openimage_0055.png,0
openimage_0056.png,0
openimage_0057.png,0
openimage_0058.png,0
openimage_0059.png,0
openimage_0060.png,0
openimage_0061.png,0
openimage_0062.png,0
openimage_0063.png,0
openimage_0064.png,0
openimage_0065.png,0
openimage_0066.png,0
openimage_0067.png,0
openimage_0068.png,0
openimage_0069.png,0
openimage_0070.png,0
openimage_0071.png,0
openimage_0072.png,0
openimage_0073.png,0
openimage_0074.png,0
openimage_0075.png,0
openimage_0076.png,0
openimage_0077.png,0
openimage_0078.png,0
openimage_0079.png,0
openimage_0080.png,0
openimage_0081.png,0
openimage_0082.png,0
openimage_0083.png,0
openimage_0084.png,0
openimage_0085.png,0
openimage_0086.png,0
openimage_0087.png,0
openimage_0088.png,0
openimage_0089.png,0
openimage_0090.png,0
openimage_0091.png,0
openimage_0092.png,0
openimage_0093.png,0
openimage_0094.png,0
openimage_0095.png,0
openimage_0096.png,0
openimage_0097.png,0
openimage_0098.png,0
openimage_0099.png,0
openimage_0100.png,0
openimage_0101.png,0
openimage_0102.png,0
openimage_0103.png,0
openimage_0104.png,0
openimage_0105.png,0
openimage_0106.png,0
openimage_0107.png,0
openimage_0108.png,0
openimage_0109.png,0
openimage_0110.png,0
openimage_0111.png,0
openimage_0112.png,0
openimage_0113.png,0
openimage_0114.png,0
openimage_0115.png,0
openimage_0116.png,0
openimage_0117.png,0
openimage_0118.png,0
openimage_0119.png,0
openimage_0120.png,0
openimage_0121.png,0
openimage_0122.png,0
openimage_0123.png,0
openimage_0124.png,0
openimage_0125.png,0
openimage_0126.png,0
openimage_0127.png,0
openimage_0128.png,0
openimage_0129.png,0
openimage_0130.png,0
openimage_0131.png,0
openimage_0132.png,0
openimage_0133.png,0
openimage_0134.png,0
openimage_0135.png,0
openimage_0136.png,0
openimage_0137.png,0
openimage_0138.png,0
openimage_0139.png,0
openimage_0140.png,0
openimage_0141.png,0
openimage_0142.png,0
openimage_0143.png,0
openimage_0144.png,0
openimage_0145.png,0
openimage_0146.png,0
openimage_0147.png,0
openimage_0148.png,0
openimage_0149.png,0
openimage_0150.png,0
openimage_0151.png,0
openimage_0152.png,0
openimage_0153.png,0
openimage_0154.png,0
openimage_0155.png,0
openimage_0156.png,0
openimage_0157.png,0
openimage_0158.png,0
openimage_0159.png,0
openimage_0160.png,0
openimage_0161.png,0
openimage_0162.png,0
openimage_0163.png,0
openimage_0164.png,0
openimage_0165.png,0
openimage_0166.png,0
openimage_0167.png,0
openimage_0168.png,0
openimage_0169.png,0
openimage_0170.png,0
openimage_0171.png,0
openimage_0172.png,0
openimage_0173.png,0
openimage_0174.png,0
openimage_0175.png,0
openimage_0176.png,0
openimage_0177.png,0
openimage_0178.png,0
openimage_0179.png,0
openimage_0180.png,0
openimage_0181.png,0
openimage_0182.png,0
openimage_0183.png,0
openimage_0184.png,0
openimage_0185.png,0
openimage_0186.png,0
openimage_0187.png,0
openimage_0188.png,0
openimage_0189.png,0
openimage_0190.png,0
openimage_0191.png,0
openimage_0192.png,0
openimage_0193.png,0
openimage_0194.png,0
openimage_0195.png,0
openimage_0196.png,0
openimage_0197.png,0
openimage_0198.png,0
openimage_0199.png,0
openimage_0200.png,0
openimage_0201.png,0
openimage_0202.png,0
openimage_0203.png,0
openimage_0204.png,0
openimage_0205.png,0
openimage_0206.png,0
openimage_0207.png,0
openimage_0208.png,0
openimage_0209.png,0
openimage_0210.png,0
openimage_0211.png,0
openimage_0212.png,0
openimage_0213.png,0
openimage_0214.png,0
openimage_0215.png,0
openimage_0216.png,0
openimage_0217.png,0
openimage_0218.png,0
openimage_0219.png,0
openimage_0220.png,0
openimage_0221.png,0
openimage_0222.png,0
openimage_0223.png,0
openimage_0224.png,0
openimage_0225.png,0
openimage_0226.png,0
openimage_0227.png,0
openimage_0228.png,0
openimage_0229.png,0
openimage_0230.png,0
openimage_0231.png,0
openimage_0232.png,0
openimage_0233.png,0
openimage_0234.png,0
openimage_0235.png,0
openimage_0236.png,0
openimage_0237.png,0
openimage_0238.png,0
openimage_0239.png,0
openimage_0240.png,0
openimage_0241.png,0
openimage_0242.png,0
openimage_0243.png,0
openimage_0244.png,0
openimage_0245.png,0
openimage_0246.png,0
openimage_0247.png,0
openimage_0248.png,0
openimage_0249.png,0
openimage_0250.png,0
openimage_0251.png,0
openimage_0252.png,0
openimage_0253.png,0
openimage_0254.png,0
openimage_0255.png,0
openimage_0256.png,0
openimage_0257.png,0
openimage_0258.png,0
openimage_0259.png,0
openimage_0260.png,0
openimage_0261.png,0
openimage_0262.png,0
openimage_0263.png,0
openimage_0264.png,0
openimage_0265.png,0
openimage_0266.png,0
openimage_0267.png,0
openimage_0268.png,0
openimage_0269.png,0
openimage_0270.png,0
openimage_0271.png,0
openimage_0272.png,0
openimage_0273.png,0
openimage_0274.png,0
openimage_0275.png,0
openimage_0276.png,0
openimage_0277.png,0
openimage_0278.png,0
openimage_0279.png,0
openimage_0280.png,0
openimage_0281.png,0
openimage_0282.png,0
openimage_0283.png,0
openimage_0284.png,0
openimage_0285.png,0
openimage_0286.png,0
openimage_0287.png,0
openimage_0288.png,0
openimage_0289.png,0
openimage_0290.png,0
openimage_0291.png,0
openimage_0292.png,0
openimage_0293.png,0
openimage_0294.png,0
openimage_0295.png,0
openimage_0296.png,0
openimage_0297.png,0
openimage_0298.png,0
openimage_0299.png,0
openimage_0300.png,0
openimage_0301.png,0
openimage_0302.png,0
openimage_0303.png,0
openimage_0304.png,0
openimage_0305.png,0
openimage_0306.png,0
openimage_0307.png,0
openimage_0308.png,0
openimage_0309.png,0
openimage_0310.png,0
openimage_0311.png,0
openimage_0312.png,0
openimage_0313.png,0
openimage_0314.png,0
openimage_0315.png,0
openimage_0316.png,0
openimage_0317.png,0
openimage_0318.png,0
openimage_0319.png,0
openimage_0320.png,0
openimage_0321.png,0
openimage_0322.png,0
openimage_0323.png,0
openimage_0324.png,0
openimage_0325.png,0
openimage_0326.png,0
openimage_0327.png,0
openimage_0328.png,0
openimage_0329.png,0
openimage_0330.png,0
openimage_0331.png,0
openimage_0332.png,0
openimage_0333.png,0
openimage_0334.png,0
openimage_0335.png,0
openimage_0336.png,0
openimage_0337.png,0
openimage_0338.png,0
openimage_0339.png,0
openimage_0340.png,0
openimage_0341.png,0
openimage_0342.png,0
openimage_0343.png,0
openimage_0344.png,0
openimage_0345.png,0
openimage_0346.png,0
openimage_0347.png,0
openimage_0348.png,0
openimage_0349.png,0
openimage_0350.png,0
openimage_0351.png,0
openimage_0352.png,0
openimage_0353.png,0
openimage_0354.png,0
openimage_0355.png,0
openimage_0356.png,0
openimage_0357.png,0
openimage_0358.png,0
openimage_0359.png,0
openimage_0360.png,0
openimage_0361.png,0
openimage_0362.png,0
openimage_0363.png,0
openimage_0364.png,0
openimage_0365.png,0
openimage_0366.png,0
openimage_0367.png,0
openimage_0368.png,0
openimage_0369.png,0
openimage_0370.png,0
openimage_0371.png,0
openimage_0372.png,0
openimage_0373.png,0
openimage_0374.png,0
openimage_0375.png,0
openimage_0376.png,0
openimage_0377.png,0
openimage_0378.png,0
openimage_0379.png,0
openimage_0380.png,0
openimage_0381.png,0
openimage_0382.png,0
openimage_0383.png,0
openimage_0384.png,0
openimage_0385.png,0
openimage_0386.png,0
openimage_0387.png,0
openimage_0388.png,0
openimage_0389.png,0
openimage_0390.png,0
openimage_0391.png,0
openimage_0392.png,0
openimage_0393.png,0
openimage_0394.png,0
openimage_0395.png,0
openimage_0396.png,0
openimage_0397.png,0
openimage_0398.png,0
openimage_0399.png,0
openimage_0400.png,0
openimage_0401.png,0
openimage_0402.png,0
openimage_0403.png,0
openimage_0404.png,0
openimage_0405.png,0
openimage_0406.png,0
openimage_0407.png,0
openimage_0408.png,0
openimage_0409.png,0
openimage_0410.png,0
openimage_0411.png,0
openimage_0412.png,0
openimage_0413.png,0
openimage_0414.png,0
openimage_0415.png,0
openimage_0416.png,0
openimage_0417.png,0
openimage_0418.png,0
openimage_0419.png,0
openimage_0420.png,0
openimage_0421.png,0
openimage_0422.png,0
openimage_0423.png,0
openimage_0424.png,0
openimage_0425.png,0
openimage_0426.png,0
openimage_0427.png,0
openimage_0428.png,0
openimage_0429.png,0
openimage_0430.png,0
openimage_0431.png,0
openimage_0432.png,0
openimage_0433.png,0
openimage_0434.png,0
openimage_0435.png,0
openimage_0436.png,0
openimage_0437.png,0
openimage_0438.png,0
openimage_0439.png,0
openimage_0440.png,0
openimage_0441.png,0
openimage_0442.png,0
openimage_0443.png,0
openimage_0444.png,0
openimage_0445.png,0
openimage_0446.png,0
openimage_0447.png,0
openimage_0448.png,0
openimage_0449.png,0
openimage_0450.png,0
openimage_0451.png,0
openimage_0452.png,0
openimage_0453.png,0
openimage_0454.png,0
openimage_0455.png,0
openimage_0456.png,0
openimage_0457.png,0
openimage_0458.png,0
openimage_0459.png,0
openimage_0460.png,0
openimage_0461.png,0
openimage_0462.png,0
openimage_0463.png,0
openimage_0464.png,0
openimage_0465.png,0
openimage_0466.png,0
openimage_0467.png,0
openimage_0468.png,0
openimage_0469.png,0
openimage_0470.png,0
openimage_0471.png,0
openimage_0472.png,0
openimage_0473.png,0
openimage_0474.png,0
openimage_0475.png,0
openimage_0476.png,0
openimage_0477.png,0
openimage_0478.png,0
openimage_0479.png,0
openimage_0480.png,0
openimage_0481.png,0
openimage_0482.png,0
openimage_0483.png,0
openimage_0484.png,0
openimage_0485.png,0
openimage_0486.png,0
openimage_0487.png,0
openimage_0488.png,0
openimage_0489.png,0
openimage_0490.png,0
openimage_0491.png,0
openimage_0492.png,0
openimage_0493.png,0
openimage_0494.png,0
openimage_0495.png,0
openimage_0496.png,0
openimage_0497.png,0
openimage_0498.png,0
openimage_0499.png,0
flickr_0500.png,1
flickr_0501.png,1
flickr_0502.png,1
flickr_0503.png,1
flickr_0504.png,1
flickr_0505.png,1
flickr_0506.png,1
flickr_0507.png,1
flickr_0508.png,1
flickr_0509.png,1
flickr_0510.png,1
flickr_0511.png,1
flickr_0512.png,1
flickr_0513.png,1
flickr_0514.png,1
flickr_0515.png,1
flickr_0516.png,1
flickr_0517.png,1
flickr_0518.png,1
flickr_0519.png,1
flickr_0520.png,1
flickr_0521.png,1
flickr_0522.png,1
flickr_0523.png,1
flickr_0524.png,1
flickr_0525.png,1
flickr_0526.png,1
flickr_0527.png,1
flickr_0528.png,1
flickr_0529.png,1
flickr_0530.png,1
flickr_0531.png,1
flickr_0532.png,1
flickr_0533.png,1
flickr_0534.png,1
flickr_0535.png,1
flickr_0536.png,1
flickr_0537.png,1
flickr_0538.png,1
flickr_0539.png,1
flickr_0540.png,1
flickr_0541.png,1
flickr_0542.png,1
flickr_0543.png,1
flickr_0544.png,1
flickr_0545.png,1
flickr_0546.png,1
flickr_0547.png,1
flickr_0548.png,1
flickr_0549.png,1
flickr_0550.png,1
flickr_0551.png,1
flickr_0552.png,1
flickr_0553.png,1
flickr_0554.png,1
flickr_0555.png,1
flickr_0556.png,1
flickr_0557.png,1
flickr_0558.png,1
flickr_0559.png,1
flickr_0560.png,1
flickr_0561.png,1
flickr_0562.png,1
flickr_0563.png,1
flickr_0564.png,1
flickr_0565.png,1
flickr_0566.png,1
flickr_0567.png,1
flickr_0568.png,1
flickr_0569.png,1
flickr_0570.png,1
flickr_0571.png,1
flickr_0572.png,1
flickr_0573.png,1
flickr_0574.png,1
flickr_0575.png,1
flickr_0576.png,1
flickr_0577.png,1
flickr_0578.png,1
flickr_0579.png,1
flickr_0580.png,1
flickr_0581.png,1
flickr_0582.png,1
flickr_0583.png,1
flickr_0584.png,1
flickr_0585.png,1
flickr_0586.png,1
flickr_0587.png,1
flickr_0588.png,1
flickr_0589.png,1
flickr_0590.png,1
flickr_0591.png,1
flickr_0592.png,1
flickr_0593.png,1
flickr_0594.png,1
flickr_0595.png,1
flickr_0596.png,1
flickr_0597.png,1
flickr_0598.png,1
flickr_0599.png,1
flickr_0600.png,1
flickr_0601.png,1
flickr_0602.png,1
flickr_0603.png,1
flickr_0604.png,1
flickr_0605.png,1
flickr_0606.png,1
flickr_0607.png,1
flickr_0608.png,1
flickr_0609.png,1
flickr_0610.png,1
flickr_0611.png,1
flickr_0612.png,1
flickr_0613.png,1
flickr_0614.png,1
flickr_0615.png,1
flickr_0616.png,1
flickr_0617.png,1
flickr_0618.png,1
flickr_0619.png,1
flickr_0620.png,1
flickr_0621.png,1
flickr_0622.png,1
flickr_0623.png,1
flickr_0624.png,1
flickr_0625.png,1
flickr_0626.png,1
flickr_0627.png,1
flickr_0628.png,1
flickr_0629.png,1
flickr_0630.png,1
flickr_0631.png,1
flickr_0632.png,1
flickr_0633.png,1
flickr_0634.png,1
flickr_0635.png,1
flickr_0636.png,1
flickr_0637.png,1
flickr_0638.png,1
flickr_0639.png,1
flickr_0640.png,1
flickr_0641.png,1
flickr_0642.png,1
flickr_0643.png,1
flickr_0644.png,1
flickr_0645.png,1
flickr_0646.png,1
flickr_0647.png,1
flickr_0648.png,1
flickr_0649.png,1
flickr_0650.png,1
flickr_0651.png,1
flickr_0652.png,1
flickr_0653.png,1
flickr_0654.png,1
flickr_0655.png,1
flickr_0656.png,1
flickr_0657.png,1
flickr_0658.png,1
flickr_0659.png,1
flickr_0660.png,1
flickr_0661.png,1
flickr_0662.png,1
flickr_0663.png,1
flickr_0664.png,1
flickr_0665.png,1
flickr_0666.png,1
flickr_0667.png,1
flickr_0668.png,1
flickr_0669.png,1
flickr_0670.png,1
flickr_0671.png,1
flickr_0672.png,1
flickr_0673.png,1
flickr_0674.png,1
flickr_0675.png,1
flickr_0676.png,1
flickr_0677.png,1
flickr_0678.png,1
flickr_0679.png,1
flickr_0680.png,1
flickr_0681.png,1
flickr_0682.png,1
flickr_0683.png,1
flickr_0684.png,1
flickr_0685.png,1
flickr_0686.png,1
flickr_0687.png,1
flickr_0688.png,1
flickr_0689.png,1
flickr_0690.png,1
flickr_0691.png,1
flickr_0692.png,1
flickr_0693.png,1
flickr_0694.png,1
flickr_0695.png,1
flickr_0696.png,1
flickr_0697.png,1
flickr_0698.png,1
flickr_0699.png,1
flickr_0700.png,1
flickr_0701.png,1
flickr_0702.png,1
flickr_0703.png,1
flickr_0704.png,1
flickr_0705.png,1
flickr_0706.png,1
flickr_0707.png,1
flickr_0708.png,1
flickr_0709.png,1
flickr_0710.png,1
flickr_0711.png,1
flickr_0712.png,1
flickr_0713.png,1
flickr_0714.png,1
flickr_0715.png,1
flickr_0716.png,1
flickr_0717.png,1
flickr_0718.png,1
flickr_0719.png,1
flickr_0720.png,1
flickr_0721.png,1
flickr_0722.png,1
flickr_0723.png,1
flickr_0724.png,1
flickr_0725.png,1
flickr_0726.png,1
flickr_0727.png,1
flickr_0728.png,1
flickr_0729.png,1
flickr_0730.png,1
flickr_0731.png,1
flickr_0732.png,1
flickr_0733.png,1
flickr_0734.png,1
flickr_0735.png,1
flickr_0736.png,1
flickr_0737.png,1
flickr_0738.png,1
flickr_0739.png,1
flickr_0740.png,1
flickr_0741.png,1
flickr_0742.png,1
flickr_0743.png,1
flickr_0744.png,1
flickr_0745.png,1
flickr_0746.png,1
flickr_0747.png,1
flickr_0748.png,1
flickr_0749.png,1
flickr_0750.png,1
flickr_0751.png,1
flickr_0752.png,1
flickr_0753.png,1
flickr_0754.png,1
flickr_0755.png,1
flickr_0756.png,1
flickr_0757.png,1
flickr_0758.png,1
flickr_0759.png,1
flickr_0760.png,1
flickr_0761.png,1
flickr_0762.png,1
flickr_0763.png,1
flickr_0764.png,1
flickr_0765.png,1
flickr_0766.png,1
flickr_0767.png,1
flickr_0768.png,1
flickr_0769.png,1
flickr_0770.png,1
flickr_0771.png,1
flickr_0772.png,1
flickr_0773.png,1
flickr_0774.png,1
flickr_0775.png,1
flickr_0776.png,1
flickr_0777.png,1
flickr_0778.png,1
flickr_0779.png,1
flickr_0780.png,1
flickr_0781.png,1
flickr_0782.png,1
flickr_0783.png,1
flickr_0784.png,1
flickr_0785.png,1
flickr_0786.png,1
flickr_0787.png,1
flickr_0788.png,1
flickr_0789.png,1
flickr_0790.png,1
flickr_0791.png,1
flickr_0792.png,1
flickr_0793.png,1
flickr_0794.png,1
flickr_0795.png,1
flickr_0796.png,1
flickr_0797.png,1
flickr_0798.png,1
flickr_0799.png,1
flickr_0800.png,1
flickr_0801.png,1
flickr_0802.png,1
flickr_0803.png,1
flickr_0804.png,1
flickr_0805.png,1
flickr_0806.png,1
flickr_0807.png,1
flickr_0808.png,1
flickr_0809.png,1
flickr_0810.png,1
flickr_0811.png,1
flickr_0812.png,1
flickr_0813.png,1
flickr_0814.png,1
flickr_0815.png,1
flickr_0816.png,1
flickr_0817.png,1
flickr_0818.png,1
flickr_0819.png,1
flickr_0820.png,1
flickr_0821.png,1
flickr_0822.png,1
flickr_0823.png,1
flickr_0824.png,1
flickr_0825.png,1
flickr_0826.png,1
flickr_0827.png,1
flickr_0828.png,1
flickr_0829.png,1
flickr_0830.png,1
flickr_0831.png,1
flickr_0832.png,1
flickr_0833.png,1
flickr_0834.png,1
flickr_0835.png,1
flickr_0836.png,1
flickr_0837.png,1
flickr_0838.png,1
flickr_0839.png,1
flickr_0840.png,1
flickr_0841.png,1
flickr_0842.png,1
flickr_0843.png,1
flickr_0844.png,1
flickr_0845.png,1
flickr_0846.png,1
flickr_0847.png,1
flickr_0848.png,1
flickr_0849.png,1
flickr_0850.png,1
flickr_0851.png,1
flickr_0852.png,1
flickr_0853.png,1
flickr_0854.png,1
flickr_0855.png,1
flickr_0856.png,1
flickr_0857.png,1
flickr_0858.png,1
flickr_0859.png,1
flickr_0860.png,1
flickr_0861.png,1
flickr_0862.png,1
flickr_0863.png,1
flickr_0864.png,1
flickr_0865.png,1
flickr_0866.png,1
flickr_0867.png,1
flickr_0868.png,1
flickr_0869.png,1
flickr_0870.png,1
flickr_0871.png,1
flickr_0872.png,1
flickr_0873.png,1
flickr_0874.png,1
flickr_0875.png,1
flickr_0876.png,1
flickr_0877.png,1
flickr_0878.png,1
flickr_0879.png,1
flickr_0880.png,1
flickr_0881.png,1
flickr_0882.png,1
flickr_0883.png,1
flickr_0884.png,1
flickr_0885.png,1
flickr_0886.png,1
flickr_0887.png,1
flickr_0888.png,1
flickr_0889.png,1
flickr_0890.png,1
flickr_0891.png,1
flickr_0892.png,1
flickr_0893.png,1
flickr_0894.png,1
flickr_0895.png,1
flickr_0896.png,1
flickr_0897.png,1
flickr_0898.png,1
flickr_0899.png,1
flickr_0900.png,1
flickr_0901.png,1
flickr_0902.png,1
flickr_0903.png,1
flickr_0904.png,1
flickr_0905.png,1
flickr_0906.png,1
flickr_0907.png,1
flickr_0908.png,1
flickr_0909.png,1
flickr_0910.png,1
flickr_0911.png,1
flickr_0912.png,1
flickr_0913.png,1
flickr_0914.png,1
flickr_0915.png,1
flickr_0916.png,1
flickr_0917.png,1
flickr_0918.png,1
flickr_0919.png,1
flickr_0920.png,1
flickr_0921.png,1
flickr_0922.png,1
flickr_0923.png,1
flickr_0924.png,1
flickr_0925.png,1
flickr_0926.png,1
flickr_0927.png,1
flickr_0928.png,1
flickr_0929.png,1
flickr_0930.png,1
flickr_0931.png,1
flickr_0932.png,1
flickr_0933.png,1
flickr_0934.png,1
flickr_0935.png,1
flickr_0936.png,1
flickr_0937.png,1
flickr_0938.png,1
flickr_0939.png,1
flickr_0940.png,1
flickr_0941.png,1
flickr_0942.png,1
flickr_0943.png,1
flickr_0944.png,1
flickr_0945.png,1
flickr_0946.png,1
flickr_0947.png,1
flickr_0948.png,1
flickr_0949.png,1
flickr_0950.png,1
flickr_0951.png,1
flickr_0952.png,1
flickr_0953.png,1
flickr_0954.png,1
flickr_0955.png,1
flickr_0956.png,1
flickr_0957.png,1
flickr_0958.png,1
flickr_0959.png,1
flickr_0960.png,1
flickr_0961.png,1
flickr_0962.png,1
flickr_0963.png,1
flickr_0964.png,1
flickr_0965.png,1
flickr_0966.png,1
flickr_0967.png,1
flickr_0968.png,1
flickr_0969.png,1
flickr_0970.png,1
flickr_0971.png,1
flickr_0972.png,1
flickr_0973.png,1
flickr_0974.png,1
flickr_0975.png,1
flickr_0976.png,1
flickr_0977.png,1
flickr_0978.png,1
flickr_0979.png,1
flickr_0980.png,1
flickr_0981.png,1
flickr_0982.png,1
flickr_0983.png,1
flickr_0984.png,1
flickr_0985.png,1
flickr_0986.png,1
flickr_0987.png,1
flickr_0988.png,1
flickr_0989.png,1
flickr_0990.png,1
flickr_0991.png,1
flickr_0992.png,1
flickr_0993.png,1
flickr_0994.png,1
flickr_0995.png,1
flickr_0996.png,1
flickr_0997.png,1
flickr_0998.png,1
flickr_0999.png,1
openimage_0500.png,1
openimage_0501.png,1
openimage_0502.png,1
openimage_0503.png,1
openimage_0504.png,1
openimage_0505.png,1
openimage_0506.png,1
openimage_0507.png,1
openimage_0508.png,1
openimage_0509.png,1
openimage_0510.png,1
openimage_0511.png,1
openimage_0512.png,1
openimage_0513.png,1
openimage_0514.png,1
openimage_0515.png,1
openimage_0516.png,1
openimage_0517.png,1
openimage_0518.png,1
openimage_0519.png,1
openimage_0520.png,1
openimage_0521.png,1
openimage_0522.png,1
openimage_0523.png,1
openimage_0524.png,1
openimage_0525.png,1
openimage_0526.png,1
openimage_0527.png,1
openimage_0528.png,1
openimage_0529.png,1
openimage_0530.png,1
openimage_0531.png,1
openimage_0532.png,1
openimage_0533.png,1
openimage_0534.png,1
openimage_0535.png,1
openimage_0536.png,1
openimage_0537.png,1
openimage_0538.png,1
openimage_0539.png,1
openimage_0540.png,1
openimage_0541.png,1
openimage_0542.png,1
openimage_0543.png,1
openimage_0544.png,1
openimage_0545.png,1
openimage_0546.png,1
openimage_0547.png,1
openimage_0548.png,1
openimage_0549.png,1
openimage_0550.png,1
openimage_0551.png,1
openimage_0552.png,1
openimage_0553.png,1
openimage_0554.png,1
openimage_0555.png,1
openimage_0556.png,1
openimage_0557.png,1
openimage_0558.png,1
openimage_0559.png,1
openimage_0560.png,1
openimage_0561.png,1
openimage_0562.png,1
openimage_0563.png,1
openimage_0564.png,1
openimage_0565.png,1
openimage_0566.png,1
openimage_0567.png,1
openimage_0568.png,1
openimage_0569.png,1
openimage_0570.png,1
openimage_0571.png,1
openimage_0572.png,1
openimage_0573.png,1
openimage_0574.png,1
openimage_0575.png,1
openimage_0576.png,1
openimage_0577.png,1
openimage_0578.png,1
openimage_0579.png,1
openimage_0580.png,1
openimage_0581.png,1
openimage_0582.png,1
openimage_0583.png,1
openimage_0584.png,1
openimage_0585.png,1
openimage_0586.png,1
openimage_0587.png,1
openimage_0588.png,1
openimage_0589.png,1
openimage_0590.png,1
openimage_0591.png,1
openimage_0592.png,1
openimage_0593.png,1
openimage_0594.png,1
openimage_0595.png,1
openimage_0596.png,1
openimage_0597.png,1
openimage_0598.png,1
openimage_0599.png,1
openimage_0600.png,1
openimage_0601.png,1
openimage_0602.png,1
openimage_0603.png,1
openimage_0604.png,1
openimage_0605.png,1
openimage_0606.png,1
openimage_0607.png,1
openimage_0608.png,1
openimage_0609.png,1
openimage_0610.png,1
openimage_0611.png,1
openimage_0612.png,1
openimage_0613.png,1
openimage_0614.png,1
openimage_0615.png,1
openimage_0616.png,1
openimage_0617.png,1
openimage_0618.png,1
openimage_0619.png,1
openimage_0620.png,1
openimage_0621.png,1
openimage_0622.png,1
openimage_0623.png,1
openimage_0624.png,1
openimage_0625.png,1
openimage_0626.png,1
openimage_0627.png,1
openimage_0628.png,1
openimage_0629.png,1
openimage_0630.png,1
openimage_0631.png,1
openimage_0632.png,1
openimage_0633.png,1
openimage_0634.png,1
openimage_0635.png,1
openimage_0636.png,1
openimage_0637.png,1
openimage_0638.png,1
openimage_0639.png,1
openimage_0640.png,1
openimage_0641.png,1
openimage_0642.png,1
openimage_0643.png,1
openimage_0644.png,1
openimage_0645.png,1
openimage_0646.png,1
openimage_0647.png,1
openimage_0648.png,1
openimage_0649.png,1
openimage_0650.png,1
openimage_0651.png,1
openimage_0652.png,1
openimage_0653.png,1
openimage_0654.png,1
openimage_0655.png,1
openimage_0656.png,1
openimage_0657.png,1
openimage_0658.png,1
openimage_0659.png,1
openimage_0660.png,1
openimage_0661.png,1
openimage_0662.png,1
openimage_0663.png,1
openimage_0664.png,1
openimage_0665.png,1
openimage_0666.png,1
openimage_0667.png,1
openimage_0668.png,1
openimage_0669.png,1
openimage_0670.png,1
openimage_0671.png,1
openimage_0672.png,1
openimage_0673.png,1
openimage_0674.png,1
openimage_0675.png,1
openimage_0676.png,1
openimage_0677.png,1
openimage_0678.png,1
openimage_0679.png,1
openimage_0680.png,1
openimage_0681.png,1
openimage_0682.png,1
openimage_0683.png,1
openimage_0684.png,1
openimage_0685.png,1
openimage_0686.png,1
openimage_0687.png,1
openimage_0688.png,1
openimage_0689.png,1
openimage_0690.png,1
openimage_0691.png,1
openimage_0692.png,1
openimage_0693.png,1
openimage_0694.png,1
openimage_0695.png,1
openimage_0696.png,1
openimage_0697.png,1
openimage_0698.png,1
openimage_0699.png,1
openimage_0700.png,1
openimage_0701.png,1
openimage_0702.png,1
openimage_0703.png,1
openimage_0704.png,1
openimage_0705.png,1
openimage_0706.png,1
openimage_0707.png,1
openimage_0708.png,1
openimage_0709.png,1
openimage_0710.png,1
openimage_0711.png,1
openimage_0712.png,1
openimage_0713.png,1
openimage_0714.png,1
openimage_0715.png,1
openimage_0716.png,1
openimage_0717.png,1
openimage_0718.png,1
openimage_0719.png,1
openimage_0720.png,1
openimage_0721.png,1
openimage_0722.png,1
openimage_0723.png,1
openimage_0724.png,1
openimage_0725.png,1
openimage_0726.png,1
openimage_0727.png,1
openimage_0728.png,1
openimage_0729.png,1
openimage_0730.png,1
openimage_0731.png,1
openimage_0732.png,1
openimage_0733.png,1
openimage_0734.png,1
openimage_0735.png,1
openimage_0736.png,1
openimage_0737.png,1
openimage_0738.png,1
openimage_0739.png,1
openimage_0740.png,1
openimage_0741.png,1
openimage_0742.png,1
openimage_0743.png,1
openimage_0744.png,1
openimage_0745.png,1
openimage_0746.png,1
openimage_0747.png,1
openimage_0748.png,1
openimage_0749.png,1
openimage_0750.png,1
openimage_0751.png,1
openimage_0752.png,1
openimage_0753.png,1
openimage_0754.png,1
openimage_0755.png,1
openimage_0756.png,1
openimage_0757.png,1
openimage_0758.png,1
openimage_0759.png,1
openimage_0760.png,1
openimage_0761.png,1
openimage_0762.png,1
openimage_0763.png,1
openimage_0764.png,1
openimage_0765.png,1
openimage_0766.png,1
openimage_0767.png,1
openimage_0768.png,1
openimage_0769.png,1
openimage_0770.png,1
openimage_0771.png,1
openimage_0772.png,1
openimage_0773.png,1
openimage_0774.png,1
openimage_0775.png,1
openimage_0776.png,1
openimage_0777.png,1
openimage_0778.png,1
openimage_0779.png,1
openimage_0780.png,1
openimage_0781.png,1
openimage_0782.png,1
openimage_0783.png,1
openimage_0784.png,1
openimage_0785.png,1
openimage_0786.png,1
openimage_0787.png,1
openimage_0788.png,1
openimage_0789.png,1
openimage_0790.png,1
openimage_0791.png,1
openimage_0792.png,1
openimage_0793.png,1
openimage_0794.png,1
openimage_0795.png,1
openimage_0796.png,1
openimage_0797.png,1
openimage_0798.png,1
openimage_0799.png,1
openimage_0800.png,1
openimage_0801.png,1
openimage_0802.png,1
openimage_0803.png,1
openimage_0804.png,1
openimage_0805.png,1
openimage_0806.png,1
openimage_0807.png,1
openimage_0808.png,1
openimage_0809.png,1
openimage_0810.png,1
openimage_0811.png,1
openimage_0812.png,1
openimage_0813.png,1
openimage_0814.png,1
openimage_0815.png,1
openimage_0816.png,1
openimage_0817.png,1
openimage_0818.png,1
openimage_0819.png,1
openimage_0820.png,1
openimage_0821.png,1
openimage_0822.png,1
openimage_0823.png,1
openimage_0824.png,1
openimage_0825.png,1
openimage_0826.png,1
openimage_0827.png,1
openimage_0828.png,1
openimage_0829.png,1
openimage_0830.png,1
openimage_0831.png,1
openimage_0832.png,1
openimage_0833.png,1
openimage_0834.png,1
openimage_0835.png,1
openimage_0836.png,1
openimage_0837.png,1
openimage_0838.png,1
openimage_0839.png,1
openimage_0840.png,1
openimage_0841.png,1
openimage_0842.png,1
openimage_0843.png,1
openimage_0844.png,1
openimage_0845.png,1
openimage_0846.png,1
openimage_0847.png,1
openimage_0848.png,1
openimage_0849.png,1
openimage_0850.png,1
openimage_0851.png,1
openimage_0852.png,1
openimage_0853.png,1
openimage_0854.png,1
openimage_0855.png,1
openimage_0856.png,1
openimage_0857.png,1
openimage_0858.png,1
openimage_0859.png,1
openimage_0860.png,1
openimage_0861.png,1
openimage_0862.png,1
openimage_0863.png,1
openimage_0864.png,1
openimage_0865.png,1
openimage_0866.png,1
openimage_0867.png,1
openimage_0868.png,1
openimage_0869.png,1
openimage_0870.png,1
openimage_0871.png,1
openimage_0872.png,1
openimage_0873.png,1
openimage_0874.png,1
openimage_0875.png,1
openimage_0876.png,1
openimage_0877.png,1
openimage_0878.png,1
openimage_0879.png,1
openimage_0880.png,1
openimage_0881.png,1
openimage_0882.png,1
openimage_0883.png,1
openimage_0884.png,1
openimage_0885.png,1
openimage_0886.png,1
openimage_0887.png,1
openimage_0888.png,1
openimage_0889.png,1
openimage_0890.png,1
openimage_0891.png,1
openimage_0892.png,1
openimage_0893.png,1
openimage_0894.png,1
openimage_0895.png,1
openimage_0896.png,1
openimage_0897.png,1
openimage_0898.png,1
openimage_0899.png,1
openimage_0900.png,1
openimage_0901.png,1
openimage_0902.png,1
openimage_0903.png,1
openimage_0904.png,1
openimage_0905.png,1
openimage_0906.png,1
openimage_0907.png,1
openimage_0908.png,1
openimage_0909.png,1
openimage_0910.png,1
openimage_0911.png,1
openimage_0912.png,1
openimage_0913.png,1
openimage_0914.png,1
openimage_0915.png,1
openimage_0916.png,1
openimage_0917.png,1
openimage_0918.png,1
openimage_0919.png,1
openimage_0920.png,1
openimage_0921.png,1
openimage_0922.png,1
openimage_0923.png,1
openimage_0924.png,1
openimage_0925.png,1
openimage_0926.png,1
openimage_0927.png,1
openimage_0928.png,1
openimage_0929.png,1
openimage_0930.png,1
openimage_0931.png,1
openimage_0932.png,1
openimage_0933.png,1
openimage_0934.png,1
openimage_0935.png,1
openimage_0936.png,1
openimage_0937.png,1
openimage_0938.png,1
openimage_0939.png,1
openimage_0940.png,1
openimage_0941.png,1
openimage_0942.png,1
openimage_0943.png,1
openimage_0944.png,1
openimage_0945.png,1
openimage_0946.png,1
openimage_0947.png,1
openimage_0948.png,1
openimage_0949.png,1
openimage_0950.png,1
openimage_0951.png,1
openimage_0952.png,1
openimage_0953.png,1
openimage_0954.png,1
openimage_0955.png,1
openimage_0956.png,1
openimage_0957.png,1
openimage_0958.png,1
openimage_0959.png,1
openimage_0960.png,1
openimage_0961.png,1
openimage_0962.png,1
openimage_0963.png,1
openimage_0964.png,1
openimage_0965.png,1
openimage_0966.png,1
openimage_0967.png,1
openimage_0968.png,1
openimage_0969.png,1
openimage_0970.png,1
openimage_0971.png,1
openimage_0972.png,1
openimage_0973.png,1
openimage_0974.png,1
openimage_0975.png,1
openimage_0976.png,1
openimage_0977.png,1
openimage_0978.png,1
openimage_0979.png,1
openimage_0980.png,1
openimage_0981.png,1
openimage_0982.png,1
openimage_0983.png,1
openimage_0984.png,1
openimage_0985.png,1
openimage_0986.png,1
openimage_0987.png,1
openimage_0988.png,1
openimage_0989.png,1
openimage_0990.png,1
openimage_0991.png,1
openimage_0992.png,1
openimage_0993.png,1
openimage_0994.png,1
openimage_0995.png,1
openimage_0996.png,1
openimage_0997.png,1
openimage_0998.png,1
openimage_0999.png,1
